Generation,Fitness
1,434.0
2,449.0
3,469.0
4,477.0
5,487.0
6,490.0
7,497.0
8,500.0
9,507.0
10,513.0
11,517.0
12,519.0
13,524.0
14,529.0
15,532.0
16,536.0
17,539.0
18,543.0
19,547.0
20,551.0
21,555.0
22,561.0
23,564.0
24,567.0
25,572.0
26,576.0
27,580.0
28,589.0
29,592.0
30,595.0
31,599.0
32,603.0
33,606.0
34,610.0
35,612.0
36,615.0
37,619.0
38,625.0
39,627.0
40,630.0
41,633.0
42,639.0
43,642.0
44,646.0
45,652.0
46,656.0
47,658.0
48,661.0
49,664.0
50,669.0
51,674.0
52,677.0
53,680.0
54,684.0
55,688.0
56,693.0
57,696.0
58,700.0
59,706.0
60,709.0
61,712.0
62,718.0
63,725.0
64,728.0
65,730.0
66,732.0
67,736.0
68,739.0
69,743.0
70,746.0
71,749.0
72,752.0
73,755.0
74,759.0
75,763.0
76,766.0
77,770.0
78,773.0
79,775.0
80,780.0
81,782.0
82,785.0
83,788.0
84,792.0
85,797.0
86,799.0
87,804.0
88,806.0
89,809.0
90,812.0
91,814.0
92,818.0
93,822.0
94,825.0
95,828.0
96,831.0
97,834.0
98,837.0
99,840.0
100,844.0
101,847.0
102,850.0
103,854.0
104,857.0
105,861.0
106,865.0
107,869.0
108,870.0
109,873.0
110,874.0
111,878.0
112,883.0
113,886.0
114,890.0
115,895.0
116,898.0
117,902.0
118,905.0
119,907.0
120,910.0
121,914.0
122,918.0
123,920.0
124,922.0
125,925.0
126,929.0
127,933.0
128,937.0
129,941.0
130,944.0
131,950.0
132,952.0
133,955.0
134,958.0
135,962.0
136,967.0
137,969.0
138,972.0
139,975.0
140,978.0
141,980.0
142,984.0
143,988.0
144,990.0
145,994.0
146,998.0
147,1001.0
148,1004.0
149,1006.0
150,1009.0
151,1013.0
152,1017.0
153,1024.0
154,1027.0
155,1029.0
156,1032.0
157,1034.0
158,1037.0
159,1041.0
160,1044.0
161,1048.0
162,1051.0
163,1053.0
164,1057.0
165,1062.0
166,1067.0
167,1071.0
168,1074.0
169,1077.0
170,1079.0
171,1082.0
172,1086.0
173,1090.0
174,1094.0
175,1097.0
176,1099.0
177,1103.0
178,1106.0
179,1108.0
180,1112.0
181,1115.0
182,1119.0
183,1123.0
184,1126.0
185,1129.0
186,1131.0
187,1133.0
188,1135.0
189,1138.0
190,1144.0
191,1145.0
192,1147.0
193,1150.0
194,1153.0
195,1156.0
196,1159.0
197,1165.0
198,1168.0
199,1173.0
200,1176.0
201,1178.0
202,1181.0
203,1185.0
204,1187.0
205,1189.0
206,1193.0
207,1195.0
208,1199.0
209,1201.0
210,1203.0
211,1205.0
212,1207.0
213,1211.0
214,1216.0
215,1220.0
216,1223.0
217,1228.0
218,1230.0
219,1232.0
220,1234.0
221,1237.0
222,1239.0
223,1242.0
224,1245.0
225,1249.0
226,1253.0
227,1258.0
228,1259.0
229,1261.0
230,1263.0
231,1268.0
232,1269.0
233,1272.0
234,1277.0
235,1279.0
236,1283.0
237,1285.0
238,1289.0
239,1291.0
240,1295.0
241,1297.0
242,1300.0
243,1306.0
244,1310.0
245,1312.0
246,1316.0
247,1318.0
248,1322.0
249,1326.0
250,1328.0
251,1330.0
252,1333.0
253,1335.0
254,1339.0
255,1343.0
256,1349.0
257,1351.0
258,1353.0
259,1356.0
260,1360.0
261,1362.0
262,1365.0
263,1369.0
264,1371.0
265,1375.0
266,1377.0
267,1382.0
268,1385.0
269,1388.0
270,1392.0
271,1394.0
272,1398.0
273,1404.0
274,1408.0
275,1410.0
276,1412.0
277,1415.0
278,1417.0
279,1421.0
280,1424.0
281,1426.0
282,1430.0
283,1432.0
284,1436.0
285,1439.0
286,1444.0
287,1446.0
288,1450.0
289,1454.0
290,1456.0
291,1460.0
292,1464.0
293,1470.0
294,1474.0
295,1478.0
296,1482.0
297,1484.0
298,1490.0
299,1494.0
300,1496.0
301,1500.0
302,1504.0
303,1508.0
304,1514.0
305,1518.0
306,1522.0
307,1529.0
308,1531.0
309,1535.0
310,1538.0
311,1542.0
312,1545.0
313,1549.0
314,1552.0
315,1558.0
316,1561.0
317,1565.0
318,1568.0
319,1572.0
320,1575.0
321,1577.0
322,1581.0
323,1585.0
324,1587.0
325,1589.0
326,1593.0
327,1596.0
328,1600.0
329,1602.0
330,1604.0
331,1608.0
332,1614.0
333,1618.0
334,1622.0
335,1626.0
336,1630.0
337,1633.0
338,1637.0
339,1640.0
340,1644.0
341,1648.0
342,1651.0
343,1654.0
344,1656.0
345,1658.0
346,1662.0
347,1666.0
348,1668.0
349,1670.0
350,1677.0
351,1679.0
352,1681.0
353,1682.0
354,1685.0
355,1687.0
356,1693.0
357,1696.0
358,1703.0
359,1709.0
360,1709.0
361,1715.0
362,1717.0
363,1718.0
364,1722.0
365,1726.0
366,1731.0
367,1731.0
368,1735.0
369,1737.0
370,1740.0
371,1743.0
372,1745.0
373,1749.0
374,1751.0
375,1755.0
376,1757.0
377,1761.0
378,1765.0
379,1770.0
380,1772.0
381,1775.0
382,1779.0
383,1783.0
384,1785.0
385,1787.0
386,1793.0
387,1795.0
388,1797.0
389,1801.0
390,1807.0
391,1811.0
392,1813.0
393,1815.0
394,1819.0
395,1821.0
396,1823.0
397,1826.0
398,1828.0
399,1832.0
400,1834.0
401,1836.0
402,1840.0
403,1844.0
404,1849.0
405,1851.0
406,1853.0
407,1855.0
408,1856.0
409,1858.0
410,1861.0
411,1863.0
412,1867.0
413,1869.0
414,1873.0
415,1875.0
416,1879.0
417,1881.0
418,1885.0
419,1887.0
420,1889.0
421,1891.0
422,1893.0
423,1897.0
424,1901.0
425,1903.0
426,1907.0
427,1909.0
428,1915.0
429,1918.0
430,1921.0
431,1923.0
432,1927.0
433,1927.0
434,1931.0
435,1937.0
436,1939.0
437,1943.0
438,1945.0
439,1949.0
440,1953.0
441,1955.0
442,1959.0
443,1961.0
444,1965.0
445,1967.0
446,1969.0
447,1973.0
448,1975.0
449,1979.0
450,1983.0
451,1985.0
452,1987.0
453,1989.0
454,1990.0
455,1995.0
456,1997.0
457,2001.0
458,2003.0
459,2007.0
460,2009.0
461,2009.0
462,2011.0
463,2013.0
464,2015.0
465,2019.0
466,2025.0
467,2029.0
468,2033.0
469,2035.0
470,2037.0
471,2039.0
472,2041.0
473,2043.0
474,2045.0
475,2047.0
476,2051.0
477,2055.0
478,2057.0
479,2061.0
480,2065.0
481,2067.0
482,2069.0
483,2071.0
484,2073.0
485,2075.0
486,2079.0
487,2081.0
488,2085.0
489,2089.0
490,2091.0
491,2093.0
492,2095.0
493,2097.0
494,2099.0
495,2103.0
496,2105.0
497,2107.0
498,2109.0
499,2113.0
500,2117.0
501,2118.0
502,2122.0
503,2126.0
504,2128.0
505,2132.0
506,2135.0
507,2138.0
508,2142.0
509,2148.0
510,2152.0
511,2154.0
512,2158.0
513,2162.0
514,2164.0
515,2166.0
516,2170.0
517,2170.0
518,2176.0
519,2180.0
520,2184.0
521,2190.0
522,2194.0
523,2198.0
524,2202.0
525,2204.0
526,2206.0
527,2210.0
528,2214.0
529,2216.0
530,2218.0
531,2220.0
532,2222.0
533,2226.0
534,2230.0
535,2234.0
536,2238.0
537,2240.0
538,2242.0
539,2246.0
540,2248.0
541,2250.0
542,2252.0
543,2254.0
544,2256.0
545,2260.0
546,2264.0
547,2266.0
548,2268.0
549,2274.0
550,2278.0
551,2280.0
552,2280.0
553,2284.0
554,2286.0
555,2290.0
556,2291.0
557,2295.0
558,2299.0
559,2303.0
560,2307.0
561,2311.0
562,2313.0
563,2317.0
564,2319.0
565,2321.0
566,2325.0
567,2329.0
568,2333.0
569,2335.0
570,2339.0
571,2341.0
572,2345.0
573,2347.0
574,2350.0
575,2354.0
576,2358.0
577,2360.0
578,2364.0
579,2366.0
580,2368.0
581,2372.0
582,2374.0
583,2378.0
584,2384.0
585,2386.0
586,2388.0
587,2392.0
588,2394.0
589,2398.0
590,2404.0
591,2408.0
592,2412.0
593,2412.0
594,2414.0
595,2415.0
596,2418.0
597,2420.0
598,2423.0
599,2426.0
600,2428.0
601,2431.0
602,2436.0
603,2440.0
604,2444.0
605,2448.0
606,2452.0
607,2458.0
608,2462.0
609,2464.0
610,2468.0
611,2472.0
612,2476.0
613,2476.0
614,2480.0
615,2480.0
616,2484.0
617,2488.0
618,2491.0
619,2492.0
620,2496.0
621,2500.0
622,2504.0
623,2510.0
624,2516.0
625,2520.0
626,2522.0
627,2526.0
628,2526.0
629,2530.0
630,2534.0
631,2540.0
632,2544.0
633,2550.0
634,2552.0
635,2554.0
636,2558.0
637,2560.0
638,2562.0
639,2566.0
640,2571.0
641,2572.0
642,2576.0
643,2578.0
644,2579.0
645,2580.0
646,2584.0
647,2586.0
648,2588.0
649,2592.0
650,2594.0
651,2600.0
652,2604.0
653,2606.0
654,2608.0
655,2609.0
656,2612.0
657,2614.0
658,2617.0
659,2622.0
660,2624.0
661,2630.0
662,2632.0
663,2636.0
664,2638.0
665,2640.0
666,2641.0
667,2641.0
668,2645.0
669,2647.0
670,2647.0
671,2649.0
672,2650.0
673,2653.0
674,2653.0
675,2657.0
676,2659.0
677,2663.0
678,2669.0
679,2671.0
680,2671.0
681,2675.0
682,2675.0
683,2679.0
684,2681.0
685,2681.0
686,2683.0
687,2687.0
688,2689.0
689,2697.0
690,2703.0
691,2703.0
692,2707.0
693,2709.0
694,2713.0
695,2715.0
696,2719.0
697,2723.0
698,2723.0
699,2725.0
700,2727.0
701,2729.0
702,2731.0
703,2737.0
704,2741.0
705,2743.0
706,2745.0
707,2747.0
708,2751.0
709,2753.0
710,2755.0
711,2759.0
712,2761.0
713,2763.0
714,2765.0
715,2767.0
716,2769.0
717,2775.0
718,2777.0
719,2777.0
720,2779.0
721,2783.0
722,2785.0
723,2787.0
724,2789.0
725,2791.0
726,2793.0
727,2795.0
728,2795.0
729,2797.0
730,2799.0
731,2799.0
732,2803.0
733,2807.0
734,2809.0
735,2815.0
736,2817.0
737,2821.0
738,2825.0
739,2830.0
740,2836.0
741,2838.0
742,2842.0
743,2844.0
744,2844.0
745,2848.0
746,2850.0
747,2854.0
748,2854.0
749,2855.0
750,2858.0
751,2859.0
752,2863.0
753,2863.0
754,2867.0
755,2869.0
756,2875.0
757,2877.0
758,2880.0
759,2885.0
760,2889.0
761,2891.0
762,2895.0
763,2895.0
764,2899.0
765,2899.0
766,2903.0
767,2905.0
768,2907.0
769,2910.0
770,2912.0
771,2914.0
772,2918.0
773,2921.0
774,2925.0
775,2926.0
776,2928.0
777,2929.0
778,2932.0
779,2938.0
780,2942.0
781,2943.0
782,2946.0
783,2948.0
784,2954.0
785,2958.0
786,2960.0
787,2962.0
788,2964.0
789,2969.0
790,2971.0
791,2973.0
792,2974.0
793,2977.0
794,2978.0
795,2979.0
796,2980.0
797,2984.0
798,2984.0
799,2984.0
800,2986.0
801,2986.0
802,2990.0
803,2994.0
804,2996.0
805,3000.0
806,3004.0
807,3006.0
808,3010.0
809,3012.0
810,3014.0
811,3019.0
812,3021.0
813,3027.0
814,3028.0
815,3031.0
816,3033.0
817,3035.0
818,3039.0
819,3040.0
820,3044.0
821,3045.0
822,3047.0
823,3049.0
824,3050.0
825,3053.0
826,3055.0
827,3057.0
828,3058.0
829,3062.0
830,3064.0
831,3066.0
832,3069.0
833,3073.0
834,3075.0
835,3079.0
836,3079.0
837,3083.0
838,3083.0
839,3085.0
840,3085.0
841,3087.0
842,3091.0
843,3093.0
844,3097.0
845,3099.0
846,3103.0
847,3104.0
848,3105.0
849,3109.0
850,3112.0
851,3115.0
852,3116.0
853,3117.0
854,3119.0
855,3121.0
856,3123.0
857,3125.0
858,3129.0
859,3133.0
860,3134.0
861,3137.0
862,3139.0
863,3139.0
864,3143.0
865,3147.0
866,3149.0
867,3150.0
868,3152.0
869,3154.0
870,3156.0
871,3156.0
872,3160.0
873,3162.0
874,3168.0
875,3172.0
876,3176.0
877,3180.0
878,3184.0
879,3186.0
880,3192.0
881,3196.0
882,3199.0
883,3203.0
884,3207.0
885,3209.0
886,3217.0
887,3218.0
888,3218.0
889,3220.0
890,3222.0
891,3222.0
892,3226.0
893,3228.0
894,3230.0
895,3232.0
896,3234.0
897,3238.0
898,3244.0
899,3248.0
900,3256.0
901,3256.0
902,3260.0
903,3260.0
904,3262.0
905,3264.0
906,3268.0
907,3273.0
908,3275.0
909,3279.0
910,3279.0
911,3281.0
912,3285.0
913,3289.0
914,3291.0
915,3301.0
916,3305.0
917,3305.0
918,3309.0
919,3311.0
920,3315.0
921,3317.0
922,3319.0
923,3321.0
924,3325.0
925,3329.0
926,3333.0
927,3336.0
928,3337.0
929,3341.0
930,3343.0
931,3345.0
932,3347.0
933,3349.0
934,3351.0
935,3355.0
936,3359.0
937,3363.0
938,3369.0
939,3369.0
940,3373.0
941,3377.0
942,3379.0
943,3381.0
944,3385.0
945,3389.0
946,3393.0
947,3393.0
948,3397.0
949,3399.0
950,3401.0
951,3403.0
952,3409.0
953,3413.0
954,3415.0
955,3419.0
956,3421.0
957,3423.0
958,3429.0
959,3433.0
960,3435.0
961,3435.0
962,3437.0
963,3437.0
964,3439.0
965,3439.0
966,3441.0
967,3445.0
968,3447.0
969,3449.0
970,3451.0
971,3455.0
972,3455.0
973,3459.0
974,3463.0
975,3467.0
976,3469.0
977,3473.0
978,3479.0
979,3484.0
980,3487.0
981,3491.0
982,3491.0
983,3493.0
984,3497.0
985,3501.0
986,3503.0
987,3507.0
988,3511.0
989,3515.0
990,3519.0
991,3521.0
992,3525.0
993,3529.0
994,3531.0
995,3535.0
996,3539.0
997,3541.0
998,3541.0
999,3543.0
1000,3549.0
1001,3550.0
1002,3553.0
1003,3557.0
1004,3559.0
1005,3563.0
1006,3565.0
1007,3567.0
1008,3571.0
1009,3573.0
1010,3575.0
1011,3579.0
1012,3583.0
1013,3583.0
1014,3587.0
1015,3588.0
1016,3590.0
1017,3593.0
1018,3594.0
1019,3595.0
1020,3595.0
1021,3599.0
1022,3601.0
1023,3603.0
1024,3607.0
1025,3607.0
1026,3607.0
1027,3609.0
1028,3611.0
1029,3613.0
1030,3615.0
1031,3617.0
1032,3617.0
1033,3619.0
1034,3621.0
1035,3625.0
1036,3627.0
1037,3631.0
1038,3632.0
1039,3635.0
1040,3638.0
1041,3642.0
1042,3646.0
1043,3656.0
1044,3658.0
1045,3662.0
1046,3664.0
1047,3668.0
1048,3670.0
1049,3672.0
1050,3674.0
1051,3674.0
1052,3677.0
1053,3679.0
1054,3679.0
1055,3683.0
1056,3683.0
1057,3691.0
1058,3699.0
1059,3703.0
1060,3703.0
1061,3707.0
1062,3707.0
1063,3711.0
1064,3713.0
1065,3715.0
1066,3717.0
1067,3719.0
1068,3723.0
1069,3723.0
1070,3725.0
1071,3726.0
1072,3729.0
1073,3733.0
1074,3736.0
1075,3741.0
1076,3745.0
1077,3747.0
1078,3747.0
1079,3748.0
1080,3749.0
1081,3750.0
1082,3753.0
1083,3754.0
1084,3754.0
1085,3758.0
1086,3759.0
1087,3761.0
1088,3762.0
1089,3765.0
1090,3767.0
1091,3770.0
1092,3771.0
1093,3774.0
1094,3778.0
1095,3779.0
1096,3782.0
1097,3784.0
1098,3784.0
1099,3784.0
1100,3788.0
1101,3788.0
1102,3792.0
1103,3794.0
1104,3796.0
1105,3798.0
1106,3800.0
1107,3802.0
1108,3804.0
1109,3806.0
1110,3808.0
1111,3810.0
1112,3813.0
1113,3814.0
1114,3818.0
1115,3820.0
1116,3824.0
1117,3824.0
1118,3829.0
1119,3829.0
1120,3832.0
1121,3833.0
1122,3837.0
1123,3837.0
1124,3837.0
1125,3839.0
1126,3841.0
1127,3841.0
1128,3841.0
1129,3841.0
1130,3841.0
1131,3841.0
1132,3845.0
1133,3845.0
1134,3849.0
1135,3849.0
1136,3851.0
1137,3851.0
1138,3853.0
1139,3853.0
1140,3857.0
1141,3859.0
1142,3861.0
1143,3865.0
1144,3871.0
1145,3871.0
1146,3875.0
1147,3875.0
1148,3875.0
1149,3879.0
1150,3881.0
1151,3881.0
1152,3881.0
1153,3885.0
1154,3887.0
1155,3889.0
1156,3897.0
1157,3898.0
1158,3901.0
1159,3905.0
1160,3907.0
1161,3907.0
1162,3911.0
1163,3911.0
1164,3911.0
1165,3915.0
1166,3915.0
1167,3919.0
1168,3919.0
1169,3921.0
1170,3923.0
1171,3925.0
1172,3929.0
1173,3929.0
1174,3931.0
1175,3931.0
1176,3933.0
1177,3933.0
1178,3933.0
1179,3933.0
1180,3937.0
1181,3937.0
1182,3941.0
1183,3941.0
1184,3941.0
1185,3941.0
1186,3941.0
1187,3945.0
1188,3945.0
1189,3949.0
1190,3949.0
1191,3952.0
1192,3953.0
1193,3955.0
1194,3955.0
1195,3959.0
1196,3959.0
1197,3963.0
1198,3963.0
1199,3967.0
1200,3967.0
1201,3971.0
1202,3974.0
1203,3975.0
1204,3980.0
1205,3984.0
1206,3984.0
1207,3988.0
1208,3988.0
1209,3992.0
1210,3996.0
1211,3996.0
1212,3998.0
1213,3999.0
1214,4003.0
1215,4003.0
1216,4007.0
1217,4007.0
1218,4011.0
1219,4011.0
1220,4011.0
1221,4015.0
1222,4017.0
1223,4019.0
1224,4019.0
1225,4021.0
1226,4027.0
1227,4027.0
1228,4029.0
1229,4031.0
1230,4035.0
1231,4035.0
1232,4039.0
1233,4043.0
1234,4043.0
1235,4047.0
1236,4049.0
1237,4053.0
1238,4057.0
1239,4061.0
1240,4063.0
1241,4065.0
1242,4068.0
1243,4069.0
1244,4073.0
1245,4073.0
1246,4077.0
1247,4077.0
1248,4077.0
1249,4077.0
1250,4081.0
1251,4081.0
1252,4084.0
1253,4085.0
1254,4085.0
1255,4089.0
1256,4089.0
1257,4089.0
1258,4091.0
1259,4091.0
1260,4091.0
1261,4093.0
1262,4093.0
1263,4095.0
1264,4095.0
1265,4099.0
1266,4099.0
1267,4099.0
1268,4099.0
1269,4103.0
1270,4103.0
1271,4107.0
1272,4111.0
1273,4113.0
1274,4115.0
1275,4117.0
1276,4118.0
1277,4121.0
1278,4121.0
1279,4121.0
1280,4125.0
1281,4125.0
1282,4125.0
1283,4127.0
1284,4127.0
1285,4129.0
1286,4129.0
1287,4133.0
1288,4133.0
1289,4137.0
1290,4137.0
1291,4137.0
1292,4137.0
1293,4137.0
1294,4139.0
1295,4139.0
1296,4143.0
1297,4143.0
1298,4143.0
1299,4143.0
1300,4143.0
1301,4147.0
1302,4149.0
1303,4151.0
1304,4151.0
1305,4151.0
1306,4155.0
1307,4155.0
1308,4157.0
1309,4159.0
1310,4161.0
1311,4163.0
1312,4163.0
1313,4163.0
1314,4163.0
1315,4163.0
1316,4163.0
1317,4163.0
1318,4163.0
1319,4163.0
1320,4163.0
1321,4165.0
1322,4167.0
1323,4167.0
1324,4169.0
1325,4169.0
1326,4171.0
1327,4173.0
1328,4175.0
1329,4177.0
1330,4177.0
1331,4177.0
1332,4177.0
1333,4177.0
1334,4177.0
1335,4177.0
1336,4177.0
1337,4177.0
1338,4177.0
1339,4177.0
1340,4177.0
1341,4177.0
1342,4177.0
1343,4179.0
1344,4179.0
1345,4179.0
1346,4183.0
1347,4183.0
1348,4189.0
1349,4189.0
1350,4191.0
1351,4194.0
1352,4195.0
1353,4195.0
1354,4197.0
1355,4199.0
1356,4201.0
1357,4205.0
1358,4209.0
1359,4213.0
1360,4213.0
1361,4213.0
1362,4213.0
1363,4217.0
1364,4217.0
1365,4221.0
1366,4221.0
1367,4225.0
1368,4225.0
1369,4229.0
1370,4233.0
1371,4235.0
1372,4235.0
1373,4239.0
1374,4239.0
1375,4243.0
1376,4244.0
1377,4247.0
1378,4251.0
1379,4255.0
1380,4255.0
1381,4255.0
1382,4255.0
1383,4255.0
1384,4255.0
1385,4255.0
1386,4255.0
1387,4255.0
1388,4255.0
1389,4255.0
1390,4255.0
1391,4255.0
1392,4255.0
1393,4255.0
1394,4255.0
1395,4255.0
1396,4255.0
1397,4259.0
1398,4259.0
1399,4263.0
1400,4263.0
1401,4265.0
1402,4265.0
1403,4265.0
1404,4265.0
1405,4265.0
1406,4269.0
1407,4269.0
1408,4269.0
1409,4269.0
1410,4273.0
1411,4273.0
1412,4273.0
1413,4273.0
1414,4277.0
1415,4277.0
1416,4281.0
1417,4285.0
1418,4288.0
1419,4289.0
1420,4289.0
1421,4289.0
1422,4289.0
1423,4289.0
1424,4289.0
1425,4289.0
1426,4289.0
1427,4289.0
1428,4289.0
1429,4289.0
1430,4289.0
1431,4289.0
1432,4289.0
1433,4289.0
1434,4293.0
1435,4293.0
1436,4293.0
1437,4297.0
1438,4297.0
1439,4299.0
1440,4299.0
1441,4303.0
1442,4303.0
1443,4303.0
1444,4307.0
1445,4311.0
1446,4311.0
1447,4311.0
1448,4311.0
1449,4311.0
1450,4311.0
1451,4313.0
1452,4313.0
1453,4315.0
1454,4315.0
1455,4315.0
1456,4315.0
1457,4315.0
1458,4319.0
1459,4319.0
1460,4319.0
1461,4323.0
1462,4323.0
1463,4325.0
1464,4327.0
1465,4327.0
1466,4327.0
1467,4327.0
1468,4329.0
1469,4329.0
1470,4329.0
1471,4331.0
1472,4331.0
1473,4331.0
1474,4335.0
1475,4335.0
1476,4341.0
1477,4345.0
1478,4347.0
1479,4350.0
1480,4352.0
1481,4354.0
1482,4359.0
1483,4359.0
1484,4359.0
1485,4361.0
1486,4365.0
1487,4365.0
1488,4371.0
1489,4371.0
1490,4371.0
1491,4375.0
1492,4375.0
1493,4375.0
1494,4375.0
1495,4377.0
1496,4377.0
1497,4379.0
1498,4381.0
1499,4383.0
1500,4385.0
1501,4389.0
1502,4389.0
1503,4393.0
1504,4393.0
1505,4393.0
1506,4393.0
1507,4393.0
1508,4393.0
1509,4393.0
1510,4393.0
1511,4393.0
1512,4397.0
1513,4397.0
1514,4401.0
1515,4403.0
1516,4406.0
1517,4409.0
1518,4413.0
1519,4413.0
1520,4413.0
1521,4417.0
1522,4421.0
1523,4421.0
1524,4421.0
1525,4423.0
1526,4425.0
1527,4425.0
1528,4427.0
1529,4427.0
1530,4427.0
1531,4427.0
1532,4427.0
1533,4427.0
1534,4427.0
1535,4427.0
1536,4431.0
1537,4431.0
1538,4431.0
1539,4433.0
1540,4433.0
1541,4437.0
1542,4437.0
1543,4437.0
1544,4437.0
1545,4437.0
1546,4437.0
1547,4441.0
1548,4441.0
1549,4445.0
1550,4449.0
1551,4449.0
1552,4451.0
1553,4451.0
1554,4455.0
1555,4457.0
1556,4457.0
1557,4457.0
1558,4461.0
1559,4461.0
1560,4461.0
1561,4461.0
1562,4461.0
1563,4465.0
1564,4465.0
1565,4469.0
1566,4469.0
1567,4473.0
1568,4477.0
1569,4478.0
1570,4482.0
1571,4485.0
1572,4485.0
1573,4487.0
1574,4489.0
1575,4489.0
1576,4493.0
1577,4493.0
1578,4493.0
1579,4493.0
1580,4493.0
1581,4493.0
1582,4493.0
1583,4497.0
1584,4497.0
1585,4500.0
1586,4501.0
1587,4501.0
1588,4505.0
1589,4509.0
1590,4513.0
1591,4517.0
1592,4517.0
1593,4517.0
1594,4517.0
1595,4517.0
1596,4521.0
1597,4521.0
1598,4521.0
1599,4525.0
1600,4525.0
1601,4527.0
1602,4527.0
1603,4529.0
1604,4533.0
1605,4533.0
1606,4537.0
1607,4541.0
1608,4541.0
1609,4543.0
1610,4545.0
1611,4545.0
1612,4549.0
1613,4551.0
1614,4551.0
1615,4555.0
1616,4559.0
1617,4559.0
1618,4559.0
1619,4563.0
1620,4563.0
1621,4565.0
1622,4565.0
1623,4565.0
1624,4565.0
1625,4565.0
1626,4565.0
1627,4567.0
1628,4567.0
1629,4567.0
1630,4571.0
1631,4571.0
1632,4571.0
1633,4575.0
1634,4575.0
1635,4575.0
1636,4575.0
1637,4575.0
1638,4575.0
1639,4575.0
1640,4577.0
1641,4577.0
1642,4577.0
1643,4581.0
1644,4581.0
1645,4581.0
1646,4581.0
1647,4581.0
1648,4581.0
1649,4581.0
1650,4581.0
1651,4581.0
1652,4581.0
1653,4581.0
1654,4581.0
1655,4581.0
1656,4581.0
1657,4585.0
1658,4585.0
1659,4589.0
1660,4589.0
1661,4589.0
1662,4589.0
1663,4589.0
1664,4589.0
1665,4589.0
1666,4593.0
1667,4593.0
1668,4595.0
1669,4597.0
1670,4597.0
1671,4597.0
1672,4601.0
1673,4601.0
1674,4603.0
1675,4603.0
1676,4607.0
1677,4609.0
1678,4609.0
1679,4609.0
1680,4613.0
1681,4613.0
1682,4616.0
1683,4617.0
1684,4617.0
1685,4621.0
1686,4621.0
1687,4623.0
1688,4623.0
1689,4623.0
1690,4623.0
1691,4623.0
1692,4623.0
1693,4623.0
1694,4627.0
1695,4627.0
1696,4629.0
1697,4631.0
1698,4631.0
1699,4631.0
1700,4631.0
1701,4631.0
1702,4631.0
1703,4631.0
1704,4631.0
1705,4635.0
1706,4635.0
1707,4635.0
1708,4635.0
1709,4635.0
1710,4635.0
1711,4639.0
1712,4639.0
1713,4639.0
1714,4639.0
1715,4643.0
1716,4643.0
1717,4643.0
1718,4643.0
1719,4643.0
1720,4647.0
1721,4647.0
1722,4647.0
1723,4647.0
1724,4651.0
1725,4651.0
1726,4653.0
1727,4655.0
1728,4655.0
1729,4655.0
1730,4659.0
1731,4659.0
1732,4659.0
1733,4663.0
1734,4663.0
1735,4663.0
1736,4663.0
1737,4663.0
1738,4665.0
1739,4665.0
1740,4665.0
1741,4665.0
1742,4665.0
1743,4665.0
1744,4665.0
1745,4665.0
1746,4669.0
1747,4669.0
1748,4669.0
1749,4669.0
1750,4669.0
1751,4669.0
1752,4669.0
1753,4671.0
1754,4671.0
1755,4673.0
1756,4673.0
1757,4675.0
1758,4675.0
1759,4675.0
1760,4679.0
1761,4679.0
1762,4679.0
1763,4679.0
1764,4679.0
1765,4679.0
1766,4681.0
1767,4681.0
1768,4681.0
1769,4681.0
1770,4685.0
1771,4685.0
1772,4689.0
1773,4691.0
1774,4693.0
1775,4697.0
1776,4697.0
1777,4697.0
1778,4697.0
1779,4697.0
1780,4701.0
1781,4701.0
1782,4701.0
1783,4703.0
1784,4705.0
1785,4705.0
1786,4707.0
1787,4707.0
1788,4707.0
1789,4711.0
1790,4711.0
1791,4711.0
1792,4711.0
1793,4711.0
1794,4715.0
1795,4715.0
1796,4717.0
1797,4719.0
1798,4719.0
1799,4719.0
1800,4723.0
1801,4723.0
1802,4725.0
1803,4727.0
1804,4727.0
1805,4727.0
1806,4727.0
1807,4727.0
1808,4727.0
1809,4731.0
1810,4731.0
1811,4735.0
1812,4735.0
1813,4739.0
1814,4743.0
1815,4743.0
1816,4745.0
1817,4749.0
1818,4751.0
1819,4751.0
1820,4755.0
1821,4755.0
1822,4755.0
1823,4755.0
1824,4755.0
1825,4755.0
1826,4755.0
1827,4759.0
1828,4759.0
1829,4759.0
1830,4759.0
1831,4759.0
1832,4759.0
1833,4759.0
1834,4759.0
1835,4759.0
1836,4759.0
1837,4759.0
1838,4759.0
1839,4759.0
1840,4759.0
1841,4759.0
1842,4759.0
1843,4759.0
1844,4759.0
1845,4759.0
1846,4759.0
1847,4759.0
1848,4763.0
1849,4763.0
1850,4765.0
1851,4765.0
1852,4769.0
1853,4769.0
1854,4771.0
1855,4771.0
1856,4771.0
1857,4771.0
1858,4771.0
1859,4771.0
1860,4771.0
1861,4771.0
1862,4771.0
1863,4771.0
1864,4771.0
1865,4771.0
1866,4771.0
1867,4771.0
1868,4771.0
1869,4771.0
1870,4771.0
1871,4771.0
1872,4771.0
1873,4771.0
1874,4771.0
1875,4771.0
1876,4771.0
1877,4771.0
1878,4771.0
1879,4771.0
1880,4771.0
1881,4771.0
1882,4771.0
1883,4771.0
1884,4771.0
1885,4771.0
1886,4771.0
1887,4771.0
1888,4771.0
1889,4771.0
1890,4771.0
1891,4771.0
1892,4771.0
1893,4771.0
1894,4775.0
1895,4775.0
1896,4775.0
1897,4775.0
1898,4775.0
1899,4775.0
1900,4775.0
1901,4775.0
1902,4775.0
1903,4779.0
1904,4779.0
1905,4779.0
1906,4779.0
1907,4779.0
1908,4779.0
1909,4779.0
1910,4779.0
1911,4779.0
1912,4783.0
1913,4783.0
1914,4783.0
1915,4787.0
1916,4789.0
1917,4791.0
1918,4791.0
1919,4791.0
1920,4791.0
1921,4791.0
1922,4791.0
1923,4791.0
1924,4791.0
1925,4791.0
1926,4791.0
1927,4791.0
1928,4791.0
1929,4791.0
1930,4795.0
1931,4795.0
1932,4799.0
1933,4799.0
1934,4799.0
1935,4799.0
1936,4799.0
1937,4803.0
1938,4803.0
1939,4803.0
1940,4803.0
1941,4803.0
1942,4807.0
1943,4807.0
1944,4807.0
1945,4807.0
1946,4811.0
1947,4811.0
1948,4811.0
1949,4811.0
1950,4815.0
1951,4815.0
1952,4819.0
1953,4823.0
1954,4823.0
1955,4823.0
1956,4823.0
1957,4823.0
1958,4827.0
1959,4827.0
1960,4827.0
1961,4827.0
1962,4827.0
1963,4827.0
1964,4831.0
1965,4831.0
1966,4831.0
1967,4831.0
1968,4835.0
1969,4835.0
1970,4835.0
1971,4835.0
1972,4839.0
1973,4839.0
1974,4839.0
1975,4839.0
1976,4839.0
1977,4839.0
1978,4839.0
1979,4839.0
1980,4839.0
1981,4839.0
1982,4839.0
1983,4839.0
1984,4839.0
1985,4839.0
1986,4839.0
1987,4839.0
1988,4839.0
1989,4839.0
1990,4839.0
1991,4839.0
1992,4839.0
1993,4839.0
1994,4839.0
1995,4839.0
1996,4839.0
1997,4839.0
1998,4839.0
1999,4839.0
2000,4839.0
2001,4839.0
2002,4839.0
2003,4839.0
2004,4839.0
2005,4839.0
2006,4839.0
2007,4839.0
2008,4839.0
2009,4843.0
2010,4843.0
2011,4843.0
2012,4845.0
2013,4845.0
2014,4847.0
2015,4849.0
2016,4853.0
2017,4855.0
2018,4855.0
2019,4855.0
2020,4855.0
2021,4857.0
2022,4857.0
2023,4859.0
2024,4859.0
2025,4859.0
2026,4859.0
2027,4859.0
2028,4859.0
2029,4859.0
2030,4859.0
2031,4859.0
2032,4859.0
2033,4863.0
2034,4863.0
2035,4863.0
2036,4867.0
2037,4867.0
2038,4867.0
2039,4867.0
2040,4867.0
2041,4867.0
2042,4867.0
2043,4867.0
2044,4867.0
2045,4867.0
2046,4867.0
2047,4871.0
2048,4875.0
2049,4875.0
2050,4875.0
2051,4875.0
2052,4875.0
2053,4875.0
2054,4875.0
2055,4875.0
2056,4875.0
2057,4875.0
2058,4875.0
2059,4879.0
2060,4879.0
2061,4879.0
2062,4879.0
2063,4881.0
2064,4881.0
2065,4881.0
2066,4881.0
2067,4881.0
2068,4881.0
2069,4881.0
2070,4881.0
2071,4881.0
2072,4881.0
2073,4881.0
2074,4881.0
2075,4885.0
2076,4885.0
2077,4885.0
2078,4885.0
2079,4889.0
2080,4889.0
2081,4889.0
2082,4889.0
2083,4893.0
2084,4893.0
2085,4897.0
2086,4901.0
2087,4901.0
2088,4901.0
2089,4905.0
2090,4905.0
2091,4905.0
2092,4905.0
2093,4905.0
2094,4905.0
2095,4905.0
2096,4905.0
2097,4905.0
2098,4905.0
2099,4909.0
2100,4909.0
2101,4913.0
2102,4913.0
2103,4913.0
2104,4913.0
2105,4917.0
2106,4917.0
2107,4919.0
2108,4919.0
2109,4919.0
2110,4919.0
2111,4919.0
2112,4919.0
2113,4919.0
2114,4919.0
2115,4919.0
2116,4919.0
2117,4919.0
2118,4919.0
2119,4923.0
2120,4923.0
2121,4923.0
2122,4923.0
2123,4923.0
2124,4923.0
2125,4923.0
2126,4923.0
2127,4923.0
2128,4923.0
2129,4923.0
2130,4923.0
2131,4923.0
2132,4923.0
2133,4923.0
2134,4923.0
2135,4923.0
2136,4923.0
2137,4923.0
2138,4923.0
2139,4923.0
2140,4923.0
2141,4923.0
2142,4923.0
2143,4923.0
2144,4923.0
2145,4923.0
2146,4923.0
2147,4923.0
2148,4923.0
2149,4923.0
2150,4923.0
2151,4923.0
2152,4923.0
2153,4923.0
2154,4923.0
2155,4923.0
2156,4923.0
2157,4923.0
2158,4923.0
2159,4923.0
2160,4923.0
2161,4923.0
2162,4923.0
2163,4927.0
2164,4927.0
2165,4927.0
2166,4927.0
2167,4927.0
2168,4927.0
2169,4927.0
2170,4927.0
2171,4927.0
2172,4927.0
2173,4927.0
2174,4927.0
2175,4927.0
2176,4927.0
2177,4931.0
2178,4931.0
2179,4931.0
2180,4931.0
2181,4931.0
2182,4931.0
2183,4931.0
2184,4931.0
2185,4931.0
2186,4931.0
2187,4931.0
2188,4931.0
2189,4931.0
2190,4931.0
2191,4931.0
2192,4931.0
2193,4931.0
2194,4931.0
2195,4931.0
2196,4931.0
2197,4931.0
2198,4931.0
2199,4931.0
2200,4931.0
2201,4931.0
2202,4931.0
2203,4931.0
2204,4931.0
2205,4931.0
2206,4931.0
2207,4931.0
2208,4931.0
2209,4935.0
2210,4935.0
2211,4935.0
2212,4937.0
2213,4937.0
2214,4941.0
2215,4941.0
2216,4941.0
2217,4941.0
2218,4941.0
2219,4941.0
2220,4941.0
2221,4941.0
2222,4941.0
2223,4945.0
2224,4945.0
2225,4945.0
2226,4945.0
2227,4945.0
2228,4945.0
2229,4949.0
2230,4949.0
2231,4949.0
2232,4949.0
2233,4949.0
2234,4949.0
2235,4949.0
2236,4949.0
2237,4949.0
2238,4953.0
2239,4953.0
2240,4953.0
2241,4953.0
2242,4953.0
2243,4953.0
2244,4953.0
2245,4953.0
2246,4953.0
2247,4953.0
2248,4953.0
2249,4953.0
2250,4953.0
2251,4953.0
2252,4957.0
2253,4957.0
2254,4957.0
2255,4957.0
2256,4957.0
2257,4957.0
2258,4957.0
2259,4957.0
2260,4957.0
2261,4957.0
2262,4957.0
2263,4957.0
2264,4957.0
2265,4957.0
2266,4957.0
2267,4957.0
2268,4957.0
2269,4957.0
2270,4957.0
2271,4957.0
2272,4957.0
2273,4958.0
2274,4958.0
2275,4961.0
2276,4961.0
2277,4961.0
2278,4963.0
2279,4965.0
2280,4967.0
2281,4967.0
2282,4969.0
2283,4969.0
2284,4969.0
2285,4969.0
2286,4969.0
2287,4969.0
2288,4969.0
2289,4969.0
2290,4973.0
2291,4973.0
2292,4973.0
2293,4973.0
2294,4973.0
2295,4973.0
2296,4977.0
2297,4977.0
2298,4977.0
2299,4977.0
2300,4977.0
2301,4977.0
2302,4977.0
2303,4977.0
2304,4981.0
2305,4981.0
2306,4985.0
2307,4985.0
2308,4985.0
2309,4985.0
2310,4985.0
2311,4985.0
2312,4985.0
2313,4985.0
2314,4985.0
2315,4985.0
2316,4985.0
2317,4985.0
2318,4985.0
2319,4985.0
2320,4985.0
2321,4985.0
2322,4985.0
2323,4985.0
2324,4985.0
2325,4985.0
2326,4985.0
2327,4985.0
2328,4985.0
2329,4985.0
2330,4985.0
2331,4985.0
2332,4985.0
2333,4985.0
2334,4985.0
2335,4985.0
2336,4985.0
2337,4985.0
2338,4985.0
2339,4985.0
2340,4985.0
2341,4985.0
2342,4985.0
2343,4985.0
2344,4985.0
2345,4985.0
2346,4985.0
2347,4985.0
2348,4985.0
2349,4985.0
2350,4985.0
2351,4989.0
2352,4989.0
2353,4989.0
2354,4989.0
2355,4989.0
2356,4989.0
2357,4989.0
2358,4989.0
2359,4989.0
2360,4993.0
2361,4993.0
2362,4993.0
2363,4993.0
2364,4993.0
2365,4993.0
2366,4993.0
2367,4993.0
2368,4993.0
2369,4993.0
2370,4993.0
2371,4993.0
2372,4993.0
2373,4993.0
2374,4993.0
2375,4993.0
2376,4993.0
2377,4993.0
2378,4993.0
2379,4993.0
2380,4993.0
2381,4993.0
2382,4993.0
2383,4993.0
2384,4993.0
2385,4993.0
2386,4993.0
2387,4993.0
2388,4993.0
2389,4993.0
2390,4993.0
2391,4993.0
2392,4993.0
2393,4993.0
2394,4993.0
2395,4997.0
2396,4997.0
2397,4997.0
2398,4997.0
2399,4997.0
2400,4997.0
2401,4997.0
2402,4997.0
2403,4997.0
2404,4997.0
2405,4997.0
2406,4997.0
2407,4997.0
2408,4997.0
2409,5001.0
2410,5001.0
2411,5001.0
2412,5005.0
2413,5005.0
2414,5005.0
2415,5005.0
2416,5005.0
2417,5005.0
2418,5005.0
2419,5005.0
2420,5005.0
2421,5005.0
2422,5005.0
2423,5005.0
2424,5005.0
2425,5005.0
2426,5005.0
2427,5005.0
2428,5005.0
2429,5005.0
2430,5005.0
2431,5005.0
2432,5005.0
2433,5005.0
2434,5005.0
2435,5005.0
2436,5005.0
2437,5005.0
2438,5005.0
2439,5005.0
2440,5005.0
2441,5005.0
2442,5005.0
2443,5005.0
2444,5005.0
2445,5005.0
2446,5005.0
2447,5005.0
2448,5005.0
2449,5005.0
2450,5005.0
2451,5005.0
2452,5009.0
2453,5009.0
2454,5009.0
2455,5009.0
2456,5009.0
2457,5009.0
2458,5009.0
2459,5009.0
2460,5009.0
2461,5009.0
2462,5009.0
2463,5009.0
2464,5009.0
2465,5009.0
2466,5009.0
2467,5009.0
2468,5009.0
2469,5009.0
2470,5009.0
2471,5009.0
2472,5009.0
2473,5009.0
2474,5009.0
2475,5009.0
2476,5009.0
2477,5009.0
2478,5009.0
2479,5009.0
2480,5009.0
2481,5009.0
2482,5009.0
2483,5009.0
2484,5009.0
2485,5009.0
2486,5009.0
2487,5009.0
2488,5009.0
2489,5009.0
2490,5009.0
2491,5009.0
2492,5009.0
2493,5009.0
2494,5009.0
2495,5009.0
2496,5009.0
2497,5009.0
2498,5009.0
2499,5009.0
2500,5009.0
2501,5009.0
2502,5009.0
2503,5009.0
2504,5009.0
2505,5013.0
2506,5013.0
2507,5013.0
2508,5015.0
2509,5015.0
2510,5019.0
2511,5019.0
2512,5021.0
2513,5021.0
2514,5021.0
2515,5021.0
2516,5021.0
2517,5021.0
2518,5025.0
2519,5025.0
2520,5025.0
2521,5025.0
2522,5025.0
2523,5025.0
2524,5025.0
2525,5025.0
2526,5025.0
2527,5025.0
2528,5025.0
2529,5025.0
2530,5025.0
2531,5025.0
2532,5025.0
2533,5025.0
2534,5025.0
2535,5025.0
2536,5025.0
2537,5025.0
2538,5025.0
2539,5025.0
2540,5025.0
2541,5025.0
2542,5025.0
2543,5025.0
2544,5025.0
2545,5025.0
2546,5025.0
2547,5025.0
2548,5025.0
2549,5025.0
2550,5025.0
2551,5025.0
2552,5025.0
2553,5025.0
2554,5025.0
2555,5025.0
2556,5025.0
2557,5025.0
2558,5025.0
2559,5025.0
2560,5025.0
2561,5025.0
2562,5025.0
2563,5025.0
2564,5025.0
2565,5025.0
2566,5025.0
2567,5025.0
2568,5025.0
2569,5025.0
2570,5025.0
2571,5025.0
2572,5025.0
2573,5025.0
2574,5025.0
2575,5029.0
2576,5029.0
2577,5029.0
2578,5029.0
2579,5029.0
2580,5029.0
2581,5029.0
2582,5029.0
2583,5029.0
2584,5029.0
2585,5033.0
2586,5033.0
2587,5033.0
2588,5037.0
2589,5037.0
2590,5037.0
2591,5037.0
2592,5037.0
2593,5037.0
2594,5037.0
2595,5037.0
2596,5041.0
2597,5041.0
2598,5041.0
2599,5041.0
2600,5041.0
2601,5041.0
2602,5041.0
2603,5041.0
2604,5041.0
2605,5041.0
2606,5041.0
2607,5041.0
2608,5041.0
2609,5041.0
2610,5041.0
2611,5041.0
2612,5041.0
2613,5041.0
2614,5041.0
2615,5041.0
2616,5041.0
2617,5041.0
2618,5041.0
2619,5041.0
2620,5041.0
2621,5041.0
2622,5045.0
2623,5045.0
2624,5045.0
2625,5045.0
2626,5045.0
2627,5045.0
2628,5045.0
2629,5045.0
2630,5045.0
2631,5045.0
2632,5045.0
2633,5049.0
2634,5049.0
2635,5049.0
2636,5049.0
2637,5049.0
2638,5049.0
2639,5049.0
2640,5049.0
2641,5049.0
2642,5049.0
2643,5049.0
2644,5049.0
2645,5049.0
2646,5049.0
2647,5049.0
2648,5049.0
2649,5049.0
2650,5049.0
2651,5049.0
2652,5053.0
2653,5053.0
2654,5053.0
2655,5053.0
2656,5053.0
2657,5057.0
2658,5057.0
2659,5057.0
2660,5057.0
2661,5057.0
2662,5057.0
2663,5057.0
2664,5057.0
2665,5057.0
2666,5061.0
2667,5061.0
2668,5061.0
2669,5061.0
2670,5061.0
2671,5061.0
2672,5061.0
2673,5061.0
2674,5061.0
2675,5061.0
2676,5061.0
2677,5061.0
2678,5061.0
2679,5061.0
2680,5061.0
2681,5061.0
2682,5061.0
2683,5061.0
2684,5061.0
2685,5061.0
2686,5061.0
2687,5061.0
2688,5061.0
2689,5061.0
2690,5061.0
2691,5061.0
2692,5061.0
2693,5061.0
2694,5061.0
2695,5061.0
2696,5061.0
2697,5061.0
2698,5061.0
2699,5061.0
2700,5061.0
2701,5061.0
2702,5061.0
2703,5061.0
2704,5061.0
2705,5061.0
2706,5061.0
2707,5061.0
2708,5061.0
2709,5061.0
2710,5061.0
2711,5061.0
2712,5061.0
2713,5061.0
2714,5061.0
2715,5061.0
2716,5061.0
2717,5061.0
2718,5061.0
2719,5061.0
2720,5061.0
2721,5061.0
2722,5061.0
2723,5061.0
2724,5061.0
2725,5061.0
2726,5061.0
2727,5061.0
2728,5061.0
2729,5061.0
2730,5061.0
2731,5061.0
2732,5061.0
2733,5061.0
2734,5061.0
2735,5061.0
2736,5061.0
2737,5061.0
2738,5061.0
2739,5065.0
2740,5065.0
2741,5065.0
2742,5065.0
2743,5065.0
2744,5065.0
2745,5065.0
2746,5065.0
2747,5065.0
2748,5065.0
2749,5065.0
2750,5065.0
2751,5065.0
2752,5065.0
2753,5065.0
2754,5065.0
2755,5065.0
2756,5065.0
2757,5065.0
2758,5065.0
2759,5065.0
2760,5065.0
2761,5065.0
2762,5065.0
2763,5065.0
2764,5065.0
2765,5065.0
2766,5065.0
2767,5065.0
2768,5065.0
2769,5065.0
2770,5065.0
2771,5065.0
2772,5065.0
2773,5065.0
2774,5065.0
2775,5065.0
2776,5065.0
2777,5065.0
2778,5065.0
2779,5065.0
2780,5065.0
2781,5065.0
2782,5065.0
2783,5065.0
2784,5065.0
2785,5065.0
2786,5065.0
2787,5065.0
2788,5065.0
2789,5065.0
2790,5065.0
2791,5065.0
2792,5065.0
2793,5065.0
2794,5065.0
2795,5069.0
2796,5069.0
2797,5069.0
2798,5069.0
2799,5069.0
2800,5069.0
2801,5069.0
2802,5069.0
2803,5069.0
2804,5069.0
2805,5069.0
2806,5069.0
2807,5069.0
2808,5069.0
2809,5069.0
2810,5069.0
2811,5069.0
2812,5073.0
2813,5073.0
2814,5073.0
2815,5073.0
2816,5073.0
2817,5073.0
2818,5073.0
2819,5073.0
2820,5073.0
2821,5073.0
2822,5073.0
2823,5073.0
2824,5073.0
2825,5073.0
2826,5073.0
2827,5077.0
2828,5077.0
2829,5077.0
2830,5077.0
2831,5077.0
2832,5077.0
2833,5077.0
2834,5077.0
2835,5077.0
2836,5077.0
2837,5077.0
2838,5077.0
2839,5077.0
2840,5077.0
2841,5077.0
2842,5077.0
2843,5077.0
2844,5077.0
2845,5081.0
2846,5081.0
2847,5081.0
2848,5081.0
2849,5081.0
2850,5081.0
2851,5081.0
2852,5081.0
2853,5081.0
2854,5081.0
2855,5081.0
2856,5081.0
2857,5081.0
2858,5081.0
2859,5081.0
2860,5081.0
2861,5081.0
2862,5081.0
2863,5081.0
2864,5081.0
2865,5081.0
2866,5081.0
2867,5081.0
2868,5081.0
2869,5081.0
2870,5081.0
2871,5081.0
2872,5081.0
2873,5081.0
2874,5081.0
2875,5081.0
2876,5081.0
2877,5081.0
2878,5081.0
2879,5081.0
2880,5081.0
2881,5081.0
2882,5081.0
2883,5081.0
2884,5081.0
2885,5081.0
2886,5081.0
2887,5081.0
2888,5081.0
2889,5081.0
2890,5081.0
2891,5081.0
2892,5081.0
2893,5081.0
2894,5081.0
2895,5081.0
2896,5081.0
2897,5081.0
2898,5081.0
2899,5081.0
2900,5081.0
2901,5081.0
2902,5081.0
2903,5081.0
2904,5081.0
2905,5081.0
2906,5081.0
2907,5081.0
2908,5081.0
2909,5081.0
2910,5081.0
2911,5081.0
2912,5081.0
2913,5081.0
2914,5081.0
2915,5081.0
2916,5081.0
2917,5081.0
2918,5081.0
2919,5081.0
2920,5081.0
2921,5081.0
2922,5081.0
2923,5081.0
2924,5081.0
2925,5081.0
2926,5081.0
2927,5081.0
2928,5081.0
2929,5081.0
2930,5081.0
2931,5081.0
2932,5081.0
2933,5081.0
2934,5081.0
2935,5081.0
2936,5081.0
2937,5081.0
2938,5081.0
2939,5081.0
2940,5081.0
2941,5081.0
2942,5081.0
2943,5081.0
2944,5081.0
2945,5081.0
2946,5081.0
2947,5081.0
2948,5081.0
2949,5081.0
2950,5081.0
2951,5081.0
2952,5081.0
2953,5081.0
2954,5081.0
2955,5081.0
2956,5081.0
2957,5081.0
2958,5081.0
2959,5081.0
2960,5081.0
2961,5081.0
2962,5085.0
2963,5085.0
2964,5085.0
2965,5085.0
2966,5085.0
2967,5085.0
2968,5085.0
2969,5085.0
2970,5085.0
2971,5085.0
2972,5085.0
2973,5085.0
2974,5085.0
2975,5085.0
2976,5085.0
2977,5085.0
2978,5085.0
2979,5085.0
2980,5085.0
2981,5085.0
2982,5085.0
2983,5085.0
2984,5085.0
2985,5085.0
2986,5085.0
2987,5085.0
2988,5085.0
2989,5085.0
2990,5085.0
2991,5085.0
2992,5085.0
2993,5085.0
2994,5085.0
2995,5085.0
2996,5085.0
2997,5085.0
2998,5085.0
2999,5085.0
3000,5085.0
3001,5085.0
3002,5085.0
3003,5089.0
3004,5089.0
3005,5089.0
3006,5089.0
3007,5089.0
3008,5089.0
3009,5089.0
3010,5089.0
3011,5089.0
3012,5089.0
3013,5089.0
3014,5089.0
3015,5089.0
3016,5089.0
3017,5089.0
3018,5089.0
3019,5089.0
3020,5089.0
3021,5089.0
3022,5089.0
3023,5089.0
3024,5089.0
3025,5089.0
3026,5089.0
3027,5089.0
3028,5089.0
3029,5089.0
3030,5089.0
3031,5089.0
3032,5089.0
3033,5089.0
3034,5089.0
3035,5089.0
3036,5089.0
3037,5089.0
3038,5089.0
3039,5089.0
3040,5089.0
3041,5089.0
3042,5089.0
3043,5089.0
3044,5089.0
3045,5089.0
3046,5089.0
3047,5089.0
3048,5089.0
3049,5089.0
3050,5089.0
3051,5089.0
3052,5093.0
3053,5093.0
3054,5093.0
3055,5093.0
3056,5093.0
3057,5093.0
3058,5093.0
3059,5093.0
3060,5093.0
3061,5093.0
3062,5093.0
3063,5093.0
3064,5093.0
3065,5097.0
